{
  "tools": {
    "axe": {
      "name": "Axe",
      "icon": "minecraft:diamond_axe",
      "toollist": [
        "appliedenergistics2:certus_quartz_axe",
        "appliedenergistics2:item.ToolCertusQuartzAxe",
        "appliedenergistics2:item.ToolNetherQuartzAxe",
        "appliedenergistics2:nether_quartz_axe",
        "minecraft:diamond_axe",
        "minecraft:golden_axe",
        "minecraft:iron_axe",
        "minecraft:stone_axe",
        "minecraft:wooden_axe",
        "tconstruct:hatchet"
      ],
      "blocklist": [
        "byg:aspen_leaves/0",
        "byg:aspen_log/0",
        "byg:aspen_wood/0",
        "byg:baobab_wood/0",
        "byg:baobableaves/0",
        "byg:baobablog/0",
        "byg:birchleavesyellow/0",
        "byg:blue_enchanted_wood/0",
        "byg:blue_petal/0",
        "byg:brownbirchleaves/0",
        "byg:cherry_wood/0",
        "byg:cherryleavespink/0",
        "byg:cherryleaveswhite/0",
        "byg:cherrylog/0",
        "byg:cika_wood/0",
        "byg:cikaleaves/0",
        "byg:cikalog/0",
        "byg:cypress_wood/0",
        "byg:cypressleaves/0",
        "byg:cypresslog/0",
        "byg:ebony_wood/0",
        "byg:ebonyleaves/0",
        "byg:ebonylog/0",
        "byg:enchantedleavesblue/0",
        "byg:enchantedleavespink/0",
        "byg:enchantedleavespurple/0",
        "byg:enchantedlog/0",
        "byg:firleaves/0",
        "byg:firlog/0",
        "byg:firwood/0",
        "byg:frozen_oak_wood/0",
        "byg:frozenoakleaves/0",
        "byg:frozenoaklog/0",
        "byg:great_oak_wood/0",
        "byg:greatoakleaves/0",
        "byg:greatoaklog/0",
        "byg:green_enchanted_wood/0",
        "byg:greenenchantedlog/0",
        "byg:hawthorn_leaves_flowering/0",
        "byg:hawthorn_wood/0",
        "byg:hawthornberryleaves/0",
        "byg:hawthornleaves/0",
        "byg:hawthornlog/0",
        "byg:holly_wood/0",
        "byg:hollyberryleaves/0",
        "byg:hollyleaves/0",
        "byg:hollylog/0",
        "byg:ironwood_wood/0",
        "byg:ironwoodleaves/0",
        "byg:ironwoodlog/0",
        "byg:jacaranda_wood/0",
        "byg:jacarandaleaves/0",
        "byg:jacarandalog/0",
        "byg:light_blue_petal/0",
        "byg:mahogany_leaves/0",
        "byg:mahogany_log/0",
        "byg:mahogany_wood/0",
        "byg:mangrove_wood/0",
        "byg:mangroveleaves/0",
        "byg:mangrovelog/0",
        "byg:maple_wood/0",
        "byg:mapleleavesred/0",
        "byg:mapleleavessilver/0",
        "byg:maplelog/0",
        "byg:oakleavesdrybrown/0",
        "byg:oakleavesdrygreen/0",
        "byg:oakleavesorange/0",
        "byg:oakleavesred/0",
        "byg:orangebirchleaves/0",
        "byg:orchardleaves/0",
        "byg:orchardleavesapple/0",
        "byg:orchardleavesflowering/0",
        "byg:palm_leaves/0",
        "byg:palm_log/0",
        "byg:palm_wood/0",
        "byg:palo_verde_wood/0",
        "byg:paloverdeleaves/0",
        "byg:paloverdeleavesflowering/0",
        "byg:paloverdelog/0",
        "byg:pine_wood/0",
        "byg:pineleaves/0",
        "byg:pinelog/0",
        "byg:plant_stem/0",
        "byg:purple_petal/0",
        "byg:rainbow_eucalyptus_wood/0",
        "byg:rainboweucalyptusleaves/0",
        "byg:rainboweucalyptuslog/0",
        "byg:red_petal/0",
        "byg:redbirchleaves/0",
        "byg:redwood_wood/0",
        "byg:redwoodleaves/0",
        "byg:redwoodlog/0",
        "byg:rowan_wood/0",
        "byg:rowanberryleaves/0",
        "byg:rowanleaves/0",
        "byg:rowanlog/0",
        "byg:silver_apple_white_skyris_leaves/0",
        "byg:skyris_wood/0",
        "byg:skyrisleaves/0",
        "byg:skyrisleavesgreenapple/0",
        "byg:skyrislog/0",
        "byg:spruceleavesblue/0",
        "byg:spruceleavesorange/0",
        "byg:spruceleavesred/0",
        "byg:spruceleavesyellow/0",
        "byg:stellataleavespink/0",
        "byg:stellataleaveswhite/0",
        "byg:stripped_aspen_log/0",
        "byg:stripped_aspen_wood/0",
        "byg:stripped_baobab_log/0",
        "byg:stripped_baobab_wood/0",
        "byg:stripped_blue_enchanted_log/0",
        "byg:stripped_blue_enchanted_wood/0",
        "byg:stripped_cherry_log/0",
        "byg:stripped_cherry_wood/0",
        "byg:stripped_cika_log/0",
        "byg:stripped_cika_wood/0",
        "byg:stripped_cypress_log/0",
        "byg:stripped_cypress_wood/0",
        "byg:stripped_ebony_log/0",
        "byg:stripped_ebony_wood/0",
        "byg:stripped_great_oak_log/0",
        "byg:stripped_great_oak_wood/0",
        "byg:stripped_green_enchanted_log/0",
        "byg:stripped_green_enchanted_wood/0",
        "byg:stripped_hawthorn_log/0",
        "byg:stripped_hawthorn_wood/0",
        "byg:stripped_holly_log/0",
        "byg:stripped_holly_wood/0",
        "byg:stripped_ironwood_log/0",
        "byg:stripped_ironwood_wood/0",
        "byg:stripped_jacaranda_log/0",
        "byg:stripped_jacaranda_wood/0",
        "byg:stripped_mangrove_log/0",
        "byg:stripped_mangrove_wood/0",
        "byg:stripped_maple_log/0",
        "byg:stripped_maple_wood/0",
        "byg:stripped_palo_verde_log/0",
        "byg:stripped_palo_verde_wood/0",
        "byg:stripped_pine_log/0",
        "byg:stripped_pine_wood/0",
        "byg:stripped_rainbow_eucalyptus_log/0",
        "byg:stripped_rainbow_eucalyptus_wood/0",
        "byg:stripped_redwood_log/0",
        "byg:stripped_redwood_wood/0",
        "byg:stripped_rowan_log/0",
        "byg:stripped_rowan_wood/0",
        "byg:stripped_skyris_log/0",
        "byg:stripped_skyris_wood/0",
        "byg:stripped_willow_log/0",
        "byg:stripped_willow_wood/0",
        "byg:stripped_witch_hazel_log/0",
        "byg:stripped_witch_hazel_wood/0",
        "byg:stripped_zelkova_log/0",
        "byg:stripped_zelkova_wood/0",
        "byg:strippedfirlog/0",
        "byg:strippedfirwood/0",
        "byg:thorn_branches/0",
        "byg:thornblock/0",
        "byg:white_petal/0",
        "byg:white_skyris_leaves/0",
        "byg:willow_wood/0",
        "byg:willowleaves/0",
        "byg:willowlog/0",
        "byg:witch_hazel_wood/0",
        "byg:witchhazelleaves/0",
        "byg:witchhazelleavesblooming/0",
        "byg:witchhazellog/0",
        "byg:yellow_petal/0",
        "byg:zelkova_wood/0",
        "byg:zelkovaleaves/0",
        "byg:zelkovalog/0",
        "galaxyspace:barnarda_c_test_log/0",
        "minecraft:fence",
        "minecraft:leaves",
        "minecraft:leaves2",
        "minecraft:log",
        "minecraft:log2",
        "moreplanets:alien_berry_oak_leaves/0",
        "moreplanets:alien_berry_oak_log/0",
        "moreplanets:cheese_spore_stem/0",
        "moreplanets:flowering_frolia_leaves/0",
        "moreplanets:frolia_leaves/0",
        "moreplanets:frolia_log/0",
        "moreplanets:infected_deadwood_log/0",
        "moreplanets:infected_jungle_leaves/0",
        "moreplanets:infected_jungle_log/0",
        "moreplanets:infected_oak_leaves/0",
        "moreplanets:infected_oak_log/0",
        "moreplanets:infected_spruce_leaves/0",
        "moreplanets:infected_spruce_log/0",
        "moreplanets:oscalea_leaves/0",
        "moreplanets:oscalea_log/0",
        "tconstruct:slime_leaves",
        "thaumcraft:leaves_greatwood",
        "thaumcraft:leaves_silverwood",
        "thaumcraft:log_greatwood/0",
        "thaumcraft:log_silverwood/0",
        "twilightforest:dark_leaves",
        "twilightforest:magic_leaves",
        "twilightforest:magic_log",
        "twilightforest:twilight_leaves",
        "twilightforest:twilight_leaves_3",
        "twilightforest:twilight_log"
      ]
    },
    "hoe": {
      "name": "Hoe",
      "icon": "minecraft:diamond_hoe",
      "toollist": [
        "appliedenergistics2:certus_quartz_hoe",
        "appliedenergistics2:item.ToolCertusQuartzHoe",
        "appliedenergistics2:item.ToolNetherQuartzHoe",
        "appliedenergistics2:nether_quartz_hoe",
        "minecraft:diamond_hoe",
        "minecraft:golden_hoe",
        "minecraft:iron_hoe",
        "minecraft:stone_hoe",
        "minecraft:wooden_hoe",
        "tconstruct:mattock"
      ],
      "blocklist": [
        "minecraft:carrots",
        "minecraft:melon_block",
        "minecraft:potatoes",
        "minecraft:pumpkin",
        "minecraft:wheat"
      ]
    },
    "pickaxe": {
      "name": "Pickaxe",
      "icon": "minecraft:diamond_pickaxe",
      "toollist": [
        "appliedenergistics2:certus_quartz_pickaxe",
        "appliedenergistics2:item.ToolCertusQuartzPickaxe",
        "appliedenergistics2:item.ToolNetherQuartzPickaxe",
        "appliedenergistics2:nether_quartz_pickaxe",
        "immersiveengineering:drill",
        "minecraft:diamond_pickaxe",
        "minecraft:golden_pickaxe",
        "minecraft:iron_pickaxe",
        "minecraft:stone_pickaxe",
        "minecraft:wooden_pickaxe",
        "tconstruct:pickaxe"
      ],
      "blocklist": [
        "appliedenergistics2:charged_quartz_ore/0",
        "appliedenergistics2:quartz_ore/0",
        "byg:kasaiore/0",
        "byg:lathariumore/0",
        "byg:pendoriteore/0",
        "byg:tamreliteore/0",
        "galacticraftcore:basic_block_core/5",
        "galacticraftcore:basic_block_core/6",
        "galacticraftcore:basic_block_core/7",
        "galacticraftcore:basic_block_core/8",
        "galacticraftcore:basic_block_moon/0",
        "galacticraftcore:basic_block_moon/1",
        "galacticraftcore:basic_block_moon/2",
        "galacticraftplanets:asteroids_block/3",
        "galacticraftplanets:asteroids_block/4",
        "galacticraftplanets:asteroids_block/5",
        "galacticraftplanets:mars/0",
        "galacticraftplanets:mars/1",
        "galacticraftplanets:mars/2",
        "galacticraftplanets:mars/3",
        "galacticraftplanets:venus/6",
        "galacticraftplanets:venus/7",
        "galacticraftplanets:venus/8",
        "galacticraftplanets:venus/9",
        "galacticraftplanets:venus/10",
        "galacticraftplanets:venus/11",
        "galacticraftplanets:venus/13",
        "galaxyspace:barnarda_c_ores/0",
        "galaxyspace:barnarda_c_ores/1",
        "galaxyspace:barnarda_c_ores/2",
        "galaxyspace:barnarda_c_ores/3",
        "galaxyspace:barnarda_c_ores/4",
        "galaxyspace:barnarda_c_ores/5",
        "galaxyspace:barnarda_c_ores/6",
        "galaxyspace:barnarda_c_ores/7",
        "galaxyspace:barnarda_c_ores/8",
        "galaxyspace:barnarda_c_ores/9",
        "galaxyspace:barnarda_c_ores/10",
        "galaxyspace:barnarda_c_ores/11",
        "galaxyspace:barnarda_c_ores/12",
        "galaxyspace:ceresblocks/2",
        "galaxyspace:ceresblocks/3",
        "galaxyspace:enceladusblocks/2",
        "galaxyspace:europablocks/3",
        "galaxyspace:europablocks/4",
        "galaxyspace:europablocks/5",
        "galaxyspace:ganymedeblocks/2",
        "galaxyspace:ganymedeblocks/3",
        "galaxyspace:gsores/0",
        "galaxyspace:gsores/1",
        "galaxyspace:gsores/2",
        "galaxyspace:haumeablocks/3",
        "galaxyspace:ioblocks/3",
        "galaxyspace:ioblocks/4",
        "galaxyspace:ioblocks/5",
        "galaxyspace:marsores/0",
        "galaxyspace:marsores/1",
        "galaxyspace:marsores/2",
        "galaxyspace:marsores/3",
        "galaxyspace:marsores/4",
        "galaxyspace:marsores/5",
        "galaxyspace:mercuryblocks/3",
        "galaxyspace:mercuryblocks/4",
        "galaxyspace:mercuryblocks/5",
        "galaxyspace:mirandablocks/3",
        "galaxyspace:mirandablocks/4",
        "galaxyspace:mirandablocks/5",
        "galaxyspace:mirandablocks/6",
        "galaxyspace:mirandablocks/7",
        "galaxyspace:mirandablocks/8",
        "galaxyspace:proxima_b_blocks/5",
        "galaxyspace:proxima_b_blocks/6",
        "galaxyspace:proxima_b_blocks/7",
        "galaxyspace:proxima_b_blocks/8",
        "galaxyspace:proxima_b_blocks/9",
        "galaxyspace:proxima_b_blocks/10",
        "galaxyspace:titanblocks/3",
        "galaxyspace:titanblocks/4",
        "galaxyspace:titanblocks/5",
        "galaxyspace:titanblocks/6",
        "galaxyspace:titanblocks/7",
        "galaxyspace:titanblocks/8",
        "immersiveengineering:ore/0",
        "immersiveengineering:ore/1",
        "immersiveengineering:ore/2",
        "immersiveengineering:ore/3",
        "immersiveengineering:ore/4",
        "immersiveengineering:ore/5",
        "minecraft:coal_ore",
        "minecraft:cobblestone_wall",
        "minecraft:diamond_ore",
        "minecraft:emerald_ore",
        "minecraft:glowstone",
        "minecraft:gold_ore",
        "minecraft:iron_ore",
        "minecraft:lapis_ore",
        "minecraft:lit_redstone_ore",
        "minecraft:mossy_cobblestone",
        "minecraft:nether_brick_fence",
        "minecraft:obsidian",
        "minecraft:quartz_ore",
        "minecraft:redstone_ore",
        "moreplanets:anti_gravity_ore/0",
        "moreplanets:chalos_aluminum_ore/0",
        "moreplanets:chalos_copper_ore/0",
        "moreplanets:chalos_iron_ore/0",
        "moreplanets:chalos_tin_ore/0",
        "moreplanets:cheese_milk_ore/0",
        "moreplanets:diona_aluminum_ore/0",
        "moreplanets:diona_copper_ore/0",
        "moreplanets:diona_tin_ore/0",
        "moreplanets:diremsium_ore/0",
        "moreplanets:extrailonite_ore/0",
        "moreplanets:fronos_aluminum_ore/0",
        "moreplanets:fronos_coal_ore/0",
        "moreplanets:fronos_copper_ore/0",
        "moreplanets:fronos_diamond_ore/0",
        "moreplanets:fronos_emerald_ore/0",
        "moreplanets:fronos_gold_ore/0",
        "moreplanets:fronos_iron_ore/0",
        "moreplanets:fronos_lapis_ore/0",
        "moreplanets:fronos_lead_ore/0",
        "moreplanets:fronos_quartz_ore/0",
        "moreplanets:fronos_redstone_ore/0",
        "moreplanets:fronos_silicon_ore/0",
        "moreplanets:fronos_tin_ore/0",
        "moreplanets:goldenite_crystals_ore/0",
        "moreplanets:illenium_ore/0",
        "moreplanets:infected_aluminum_ore/0",
        "moreplanets:infected_coal_ore/0",
        "moreplanets:infected_copper_ore/0",
        "moreplanets:infected_diamond_ore/0",
        "moreplanets:infected_emerald_ore/0",
        "moreplanets:infected_gold_ore/0",
        "moreplanets:infected_iron_ore/0",
        "moreplanets:infected_lapis_ore/0",
        "moreplanets:infected_redstone_ore/0",
        "moreplanets:infected_silicon_ore/0",
        "moreplanets:infected_tin_ore/0",
        "moreplanets:inferumite_crystal_ore/0",
        "moreplanets:koentus_aluminum_ore/0",
        "moreplanets:koentus_copper_ore/0",
        "moreplanets:koentus_iron_ore/0",
        "moreplanets:koentus_tin_ore/0",
        "moreplanets:oil_ore/0",
        "moreplanets:setrorium_ore/0",
        "moreplanets:zyptorium_ore/0",
        "nuclearcraft:ore/0",
        "nuclearcraft:ore/1",
        "nuclearcraft:ore/2",
        "nuclearcraft:ore/3",
        "nuclearcraft:ore/4",
        "nuclearcraft:ore/5",
        "nuclearcraft:ore/6",
        "nuclearcraft:ore/7",
        "tconstruct:ore/0",
        "tconstruct:ore/1",
        "thaumcraft:crystal_aer",
        "thaumcraft:crystal_aqua",
        "thaumcraft:crystal_ignis",
        "thaumcraft:crystal_ordo",
        "thaumcraft:crystal_perditio",
        "thaumcraft:crystal_terra",
        "thaumcraft:crystal_vitium",
        "thaumcraft:ore_amber/0",
        "thaumcraft:ore_cinnabar/0",
        "thaumcraft:ore_quartz/0"
      ]
    },
    "shears": {
      "name": "Shears",
      "icon": "minecraft:shears",
      "toollist": [
        "minecraft:shears"
      ],
      "blocklist": [
        "byg:aspen_leaves/0",
        "byg:baobableaves/0",
        "byg:birchleavesyellow/0",
        "byg:blue_petal/0",
        "byg:brownbirchleaves/0",
        "byg:cherryleavespink/0",
        "byg:cherryleaveswhite/0",
        "byg:cikaleaves/0",
        "byg:cypressleaves/0",
        "byg:ebonyleaves/0",
        "byg:enchantedleavesblue/0",
        "byg:enchantedleavespink/0",
        "byg:enchantedleavespurple/0",
        "byg:firleaves/0",
        "byg:frozenoakleaves/0",
        "byg:greatoakleaves/0",
        "byg:hawthorn_leaves_flowering/0",
        "byg:hawthornberryleaves/0",
        "byg:hawthornleaves/0",
        "byg:hollyberryleaves/0",
        "byg:hollyleaves/0",
        "byg:ironwoodleaves/0",
        "byg:jacarandaleaves/0",
        "byg:light_blue_petal/0",
        "byg:mahogany_leaves/0",
        "byg:mangroveleaves/0",
        "byg:mapleleavesred/0",
        "byg:mapleleavessilver/0",
        "byg:oakleavesdrybrown/0",
        "byg:oakleavesdrygreen/0",
        "byg:oakleavesorange/0",
        "byg:oakleavesred/0",
        "byg:orangebirchleaves/0",
        "byg:orchardleaves/0",
        "byg:orchardleavesapple/0",
        "byg:orchardleavesflowering/0",
        "byg:palm_leaves/0",
        "byg:paloverdeleaves/0",
        "byg:paloverdeleavesflowering/0",
        "byg:pineleaves/0",
        "byg:purple_petal/0",
        "byg:rainboweucalyptusleaves/0",
        "byg:red_petal/0",
        "byg:redbirchleaves/0",
        "byg:redwoodleaves/0",
        "byg:rowanberryleaves/0",
        "byg:rowanleaves/0",
        "byg:silver_apple_white_skyris_leaves/0",
        "byg:skyrisleaves/0",
        "byg:skyrisleavesgreenapple/0",
        "byg:spruceleavesblue/0",
        "byg:spruceleavesorange/0",
        "byg:spruceleavesred/0",
        "byg:spruceleavesyellow/0",
        "byg:stellataleavespink/0",
        "byg:stellataleaveswhite/0",
        "byg:white_petal/0",
        "byg:white_skyris_leaves/0",
        "byg:willowleaves/0",
        "byg:witchhazelleaves/0",
        "byg:witchhazelleavesblooming/0",
        "byg:yellow_petal/0",
        "byg:zelkovaleaves/0",
        "minecraft:deadbush",
        "minecraft:leaves",
        "minecraft:leaves2",
        "minecraft:tallgrass",
        "minecraft:vine",
        "minecraft:web",
        "minecraft:wool",
        "moreplanets:alien_berry_oak_leaves/0",
        "moreplanets:flowering_frolia_leaves/0",
        "moreplanets:frolia_leaves/0",
        "moreplanets:infected_jungle_leaves/0",
        "moreplanets:infected_oak_leaves/0",
        "moreplanets:infected_spruce_leaves/0",
        "moreplanets:oscalea_leaves/0",
        "tconstruct:slime_leaves",
        "thaumcraft:leaves_greatwood",
        "thaumcraft:leaves_silverwood",
        "twilightforest:dark_leaves",
        "twilightforest:magic_leaves",
        "twilightforest:twilight_leaves",
        "twilightforest:twilight_leaves_3"
      ]
    },
    "shovel": {
      "name": "Shovel",
      "icon": "minecraft:diamond_shovel",
      "toollist": [
        "appliedenergistics2:item.ToolCertusQuartzSpade",
        "appliedenergistics2:item.ToolNetherQuartzSpade",
        "immersiveengineering:drill",
        "minecraft:diamond_shovel",
        "minecraft:golden_shovel",
        "minecraft:iron_shovel",
        "minecraft:stone_shovel",
        "minecraft:wooden_shovel",
        "tconstruct:mattock",
        "tconstruct:shovel"
      ],
      "blocklist": [
        "minecraft:clay",
        "minecraft:gravel"
      ]
    }
  }
}